06/27/2024,02:52:40 PM,Seattle - job - DS/MLE/DE,1016.0,Seattle - job - service,984.0,1
06/27/2024,02:52:46 PM,Seattle - internship - software engineer,1031.9661669788793,Orange County - internship - ee/meche/bioe,984.7701398146427,1
06/27/2024,02:53:08 PM,Bay Area - internship - DS/MLE/DE,958.1952466021806,Bay Area - job - data analyst,1043.19763975723,0
06/27/2024,02:53:18 PM,Los Angeles - job - DS/MLE/DE,1032.6096823959615,Bay Area - internship - ee/meche/bioe,1012.6358159341414,1
06/27/2024,02:53:27 PM,Orange County - job - ee/meche/bioe,984.5816444057361,Bay Area - internship - ee/meche/bioe,1028.0541715284053,0
06/27/2024,02:54:55 PM,Bay Area - internship - data analyst,985.4655060594456,Orange County - job - ee/meche/bioe,967.8524451398125,1
06/27/2024,02:54:59 PM,Orange County - internship - ee/meche/bioe,967.5487018426259,Bay Area - internship - DS/MLE/DE,975.4166845741975,0
06/27/2024,02:55:09 PM,San Diego County - internship - ee/meche/bioe,955.5414246665568,New York City - internship - data analyst,1029.2888698039858,0
06/27/2024,02:55:13 PM,Orange County - job - DS/MLE/DE,1032.0936824451828,San Diego County - job - DS/MLE/DE,1001.9406292520435,1
06/27/2024,02:55:22 PM,Los Angeles - internship - data analyst,957.5878746400792,Seattle - internship - software engineer,1045.1780969736378,0
06/27/2024,04:24:26 PM,Orange County - job - data analyst,986.232109431285,New York City - job - ee/meche/bioe,982.5669958547447,1
06/27/2024,04:24:36 PM,New York City - job - service,968.6763624627251,Bay Area - internship - ee/meche/bioe,1041.9725529670056,0
06/27/2024,04:24:48 PM,San Diego County - job - service,952.7027198241683,New York City - job - ee/meche/bioe,997.8981090516971,0
06/27/2024,04:25:00 PM,Bay Area - job - ee/meche/bioe,982.5098932037015,Orange County - internship - ee/meche/bioe,985.0388086389244,0
06/27/2024,04:25:07 PM,San Diego County - internship - DS/MLE/DE,1031.9008299888067,Los Angeles - internship - software engineer,969.5350428894698,1
06/27/2024,04:25:36 PM,Los Angeles - job - DS/MLE/DE,1015.2009773085736,San Diego County - job - DS/MLE/DE,1019.3493343394315,0
06/27/2024,04:25:38 PM,Los Angeles - internship - data analyst,944.2527911661239,Seattle - job - DS/MLE/DE,1029.3350834739554,0
06/27/2024,04:25:49 PM,Bay Area - job - ee/meche/bioe,968.5195435860547,Orange County - internship - software engineer,1040.3709285901982,0
06/27/2024,04:26:29 PM,New York City - internship - DS/MLE/DE,1013.8988441440351,Los Angeles - job - data analyst,940.2101067201888,1
06/27/2024,04:26:32 PM,San Diego County - internship - DS/MLE/DE,1045.742067846784,Los Angeles - job - ee/meche/bioe,970.8950689355446,1
06/27/2024,04:26:39 PM,Seattle - job - service,1000.6396904089756,New York City - job - ee/meche/bioe,981.2584186427215,1
06/27/2024,04:26:47 PM,Los Angeles - job - data analyst,957.6195387652137,Los Angeles - job - ee/meche/bioe,953.4856368905197,1
06/27/2024,04:26:50 PM,Seattle - job - DS/MLE/DE,1044.653647901835,Bay Area - internship - software engineer,999.2103770639135,1
06/27/2024,04:27:22 PM,Seattle - internship - software engineer,1058.4892833481183,Orange County - job - data analyst,972.9209230568046,1
06/27/2024,06:36:30 PM,New York City - internship - data analyst,1043.9432535418657,Orange County - job - software engineer,985.34561626212,1
06/27/2024,06:36:37 PM,Los Angeles - internship - DS/MLE/DE,1013.7984324095778,Seattle - job - software engineer,1017.4344661420614,0
06/27/2024,06:37:17 PM,San Diego County - internship - DS/MLE/DE,1029.4947374461462,Orange County - internship - software engineer,1056.618258990836,0
06/27/2024,06:37:21 PM,Orange County - internship - software engineer,1038.6271890120058,New York City - internship - software engineer,1031.1485181894943,0
06/27/2024,06:37:32 PM,Bay Area - internship - software engineer,1014.5581139133849,Orange County - internship - ee/meche/bioe,969.691071789453,1
06/27/2024,06:37:37 PM,San Diego County - job - data analyst,970.7651697100298,Seattle - job - DS/MLE/DE,1057.8884781918052,0
06/27/2024,06:37:45 PM,Orange County - internship - data analyst,970.1344459055967,Seattle - internship - ee/meche/bioe,1028.4941783248796,0
06/27/2024,06:38:11 PM,New York City - internship - DS/MLE/DE,1028.5297711081178,San Diego County - job - ee/meche/bioe,969.4659975861009,1
06/27/2024,06:38:52 PM,Los Angeles - internship - DS/MLE/DE,1031.0930620878144,Bay Area - internship - ee/meche/bioe,1024.677923288769,1
06/27/2024,06:39:10 PM,Orange County - job - ee/meche/bioe,951.3813386004217,Los Angeles - job - data analyst,974.0906453046045,0
06/27/2024,06:39:13 PM,Orange County - job - DS/MLE/DE,1044.0499119469703,Orange County - job - service,930.3833814983319,1
06/27/2024,06:39:16 PM,Seattle - job - DS/MLE/DE,1069.8680806732023,New York City - job - service,956.6967599813282,1
06/27/2024,06:39:34 PM,Los Angeles - internship - DS/MLE/DE,1044.4388919842474,Orange County - job - data analyst,959.5750931603715,1
06/27/2024,06:39:49 PM,San Diego County - job - DS/MLE/DE,1033.7590551176072,New York City - job - data analyst,970.2927463943488,1
06/27/2024,06:39:53 PM,Seattle - job - data analyst,1033.3982942068335,Bay Area - job - software engineer,1029.0429365333418,1
06/27/2024,06:39:59 PM,Orange County - internship - data analyst,986.1935892641451,San Diego County - internship - data analyst,955.3595901094315,1
06/27/2024,06:40:46 PM,Seattle - internship - software engineer,1070.9901153589756,New York City - job - ee/meche/bioe,968.7575866318642,1
06/27/2024,06:40:50 PM,Seattle - job - data analyst,1045.3807707672327,Los Angeles - internship - data analyst,932.2703146057247,1
06/27/2024,06:42:12 PM,Orange County - job - data analyst,976.0304631313548,San Diego County - job - ee/meche/bioe,953.0106276151175,1
06/27/2024,06:46:34 PM,San Diego County - internship - ee/meche/bioe,970.3848746384741,Orange County - job - service,915.5399315264146,1
06/27/2024,06:46:38 PM,Seattle - job - ee/meche/bioe,1044.7413223192332,Orange County - job - data analyst,962.5528340185996,1
06/27/2024,06:46:45 PM,Orange County - job - data analyst,978.9092112038553,New York City - job - data analyst,953.9363692090931,1
06/27/2024,06:46:48 PM,Orange County - internship - software engineer,1052.8556343392286,Los Angeles - job - service,985.7715546727773,1
06/27/2024,06:48:12 PM,Bay Area - internship - software engineer,999.245547387308,San Diego County - internship - DS/MLE/DE,1044.807303972223,0
06/27/2024,06:48:16 PM,San Diego County - job - DS/MLE/DE,1049.5418831688519,Bay Area - job - software engineer,1013.2601084820972,1
06/27/2024,06:48:21 PM,Seattle - job - DS/MLE/DE,1085.919752100392,Seattle - internship - software engineer,1054.9384439317857,1
06/27/2024,06:50:04 PM,Bay Area - job - ee/meche/bioe,955.0834428042176,Bay Area - internship - ee/meche/bioe,1038.114024070606,0
06/27/2024,06:50:07 PM,Los Angeles - internship - ee/meche/bioe,952.3414990756223,Bay Area - internship - DS/MLE/DE,991.0751854985751,0
06/27/2024,06:50:14 PM,Orange County - job - DS/MLE/DE,1055.072821724935,Los Angeles - internship - data analyst,921.24740482776,1
06/27/2024,06:50:16 PM,New York City - internship - data analyst,1055.8885862518118,New York City - job - data analyst,941.991036499147,1
06/27/2024,06:50:19 PM,San Diego County - job - ee/meche/bioe,942.8492526048992,Seattle - job - DS/MLE/DE,1096.0811271106104,0
06/27/2024,06:50:40 PM,Bay Area - internship - ee/meche/bioe,1019.6735263154103,New York City - internship - ee/meche/bioe,1003.1429649277204,0
06/27/2024,06:50:44 PM,Bay Area - job - software engineer,1028.794328447828,New York City - internship - ee/meche/bioe,987.6087449619895,1
06/27/2024,06:50:47 PM,Los Angeles - job - data analyst,960.5757428742514,Seattle - internship - ee/meche/bioe,1042.0090807552326,0
06/27/2024,06:51:11 PM,Orange County - job - software engineer,971.3241418201862,New York City - internship - DS/MLE/DE,1042.5512455500516,0
06/27/2024,06:51:20 PM,New York City - internship - data analyst,1068.6891797013175,Bay Area - internship - data analyst,972.66491260994,1
06/27/2024,06:53:48 PM,Orange County - job - service,902.4262593165612,Orange County - job - data analyst,992.0228834137088,0
06/27/2024,06:53:51 PM,Bay Area - internship - software engineer,987.592996269415,Seattle - job - DS/MLE/DE,1107.7336782285033,0
06/27/2024,06:54:33 PM,Bay Area - internship - data analyst,991.3039151722752,San Diego County - job - software engineer,1011.8594249791104,1
06/27/2024,06:54:37 PM,New York City - internship - DS/MLE/DE,1056.6304551161181,Seattle - job - service,986.5604808429091,1
06/27/2024,06:55:11 PM,Bay Area - job - service,955.3784222988493,San Diego County - job - software engineer,1025.9153300249488,0
06/27/2024,06:55:15 PM,Seattle - internship - data analyst,1014.6789492040058,Seattle - job - service,971.1452248453813,1
06/27/2024,06:55:42 PM,Orange County - internship - data analyst,1001.3913050789283,New York City - job - ee/meche/bioe,953.559870817081,1
06/27/2024,06:56:00 PM,New York City - job - DS/MLE/DE,1059.7815528074136,San Diego County - internship - DS/MLE/DE,1028.757786164163,1
06/27/2024,06:56:06 PM,New York City - internship - software engineer,1043.7126349055154,San Diego County - internship - data analyst,942.7954733934105,1
06/27/2024,06:56:12 PM,New York City - job - data analyst,928.2365258607924,Bay Area - internship - DS/MLE/DE,1004.8296961369297,0
06/27/2024,06:56:42 PM,Los Angeles - internship - data analyst,910.73252404558,Seattle - job - data analyst,1055.8956515494126,0
06/27/2024,06:56:48 PM,Orange County - internship - ee/meche/bioe,957.6132544124029,New York City - internship - DS/MLE/DE,1068.7082724931681,0
06/27/2024,06:56:50 PM,Orange County - job - ee/meche/bioe,940.013937706227,Seattle - internship - software engineer,1066.3058448259806,0
06/27/2024,08:17:34 PM,Orange County - job - service,890.4322233977356,Bay Area - internship - data analyst,1003.2979510911008,0
06/27/2024,08:18:10 PM,Orange County - internship - DS/MLE/DE,1000.1292656166263,Seattle - job - software engineer,1033.3714581364152,0
06/27/2024,08:18:17 PM,Orange County - internship - data analyst,1019.2533474448236,Seattle - internship - ee/meche/bioe,1024.1470383893375,1
06/27/2024,08:18:21 PM,New York City - job - service,942.6865466327733,Orange County - internship - DS/MLE/DE,1014.1394789651812,0
06/27/2024,08:19:18 PM,Los Angeles - job - DS/MLE/DE,1028.337368731696,Los Angeles - internship - ee/meche/bioe,939.2051076525,1
06/27/2024,08:19:26 PM,San Diego County - job - software engineer,1010.734210087894,New York City - internship - software engineer,1058.8937548425704,0
06/27/2024,08:20:25 PM,Bay Area - internship - ee/meche/bioe,1032.977920147756,Los Angeles - job - data analyst,947.2713490419056,1
06/27/2024,08:20:27 PM,New York City - job - DS/MLE/DE,1070.7740924958464,Los Angeles - job - data analyst,936.2788093534729,1
06/27/2024,08:20:51 PM,Bay Area - job - software engineer,1014.0021953653752,Orange County - job - DS/MLE/DE,1069.864954807388,0
06/27/2024,08:20:58 PM,Orange County - internship - data analyst,1003.0178621036489,Orange County - internship - DS/MLE/DE,1030.3749643063559,0
06/27/2024,08:21:02 PM,Bay Area - job - ee/meche/bioe,944.0373446138192,Seattle - internship - software engineer,1077.351943016379,0
06/27/2024,08:22:35 PM,Bay Area - job - data analyst,1058.7271399650126,Bay Area - internship - ee/meche/bioe,1017.4484199399735,1
06/27/2024,08:22:36 PM,Orange County - job - service,878.9817207195099,Orange County - job - data analyst,1003.4733860919345,0
06/27/2024,08:23:07 PM,San Diego County - internship - DS/MLE/DE,1042.871613786737,New York City - internship - ee/meche/bioe,973.4949173394155,1
06/27/2024,08:23:15 PM,San Diego County - internship - data analyst,962.1814203356682,Bay Area - internship - ee/meche/bioe,998.0624729977158,1
06/27/2024,08:23:25 PM,Los Angeles - internship - ee/meche/bioe,924.6800444962751,Orange County - job - software engineer,985.8492049764112,0
06/27/2024,08:23:30 PM,Bay Area - internship - ee/meche/bioe,984.4159893765237,San Diego County - job - DS/MLE/DE,1063.1883667900438,0
06/27/2024,11:43:40 PM,San Diego County - internship - data analyst,979.2661198161386,Los Angeles - job - service,968.6868551923069,1
06/27/2024,11:43:48 PM,New York City - job - service,930.7704185221073,Seattle - job - software engineer,1045.2875862470812,0
06/27/2024,11:44:48 PM,Orange County - job - DS/MLE/DE,1083.405591770061,San Diego County - internship - software engineer,1002.493271167496,1
06/27/2024,11:45:03 PM,Bay Area - job - DS/MLE/DE,1045.2566880834784,Seattle - job - service,957.9208213040629,1
06/27/2024,11:45:05 PM,Orange County - internship - ee/meche/bioe,944.9241232768412,Seattle - internship - DS/MLE/DE,1043.250357169515,0
06/27/2024,11:45:49 PM,Bay Area - job - software engineer,1000.5000298348644,New York City - internship - data analyst,1082.1913452318283,0
06/27/2024,11:46:00 PM,Orange County - job - ee/meche/bioe,923.4717754943307,New York City - job - data analyst,944.7786880726887,0
06/27/2024,11:46:42 PM,Orange County - internship - ee/meche/bioe,961.5223643217596,Seattle - job - service,941.3225802591445,1
06/27/2024,11:46:50 PM,Los Angeles - job - software engineer,970.0307992923549,Los Angeles - job - DS/MLE/DE,1042.306569439341,0
06/27/2024,11:46:55 PM,Orange County - internship - DS/MLE/DE,1042.3614590537507,Seattle - job - service,929.3360855117497,1
06/27/2024,11:47:12 PM,Los Angeles - internship - software engineer,985.5741790097559,San Diego County - internship - ee/meche/bioe,954.345738518188,1
06/27/2024,11:47:16 PM,Bay Area - job - service,938.2470730323182,New York City - job - service,947.9017677886384,0
06/27/2024,11:47:31 PM,Los Angeles - internship - ee/meche/bioe,910.913376157644,New York City - internship - ee/meche/bioe,987.2615856780465,0
06/27/2024,11:47:46 PM,Los Angeles - job - DS/MLE/DE,1053.279996548992,Seattle - job - service,918.3626584020989,1
06/27/2024,11:47:53 PM,Los Angeles - internship - software engineer,974.9789256939275,Seattle - job - DS/MLE/DE,1118.3289315443317,0
06/27/2024,11:48:07 PM,New York City - job - data analyst,965.6190186076068,Los Angeles - job - DS/MLE/DE,1032.439666014074,1
06/27/2024,11:48:28 PM,Bay Area - job - service,924.360803144543,Bay Area - internship - ee/meche/bioe,998.302259264299,0
06/27/2024,11:48:29 PM,Seattle - job - DS/MLE/DE,1126.2216679048865,Bay Area - job - service,916.4680667839881,1
06/27/2024,11:48:33 PM,Orange County - job - ee/meche/bioe,914.3117498786748,New York City - internship - data analyst,1091.3513708474843,0
06/27/2024,11:48:36 PM,Seattle - internship - software engineer,1089.8474662566616,New York City - job - software engineer,987.5044767597174,1
06/27/2024,11:48:52 PM,Los Angeles - internship - data analyst,900.540384916093,San Diego County - internship - DS/MLE/DE,1053.063752916224,0
06/27/2024,11:48:55 PM,Seattle - internship - DS/MLE/DE,1055.2061276021898,Los Angeles - job - ee/meche/bioe,941.529866457845,1
06/27/2024,11:49:12 PM,Bay Area - job - data analyst,1072.1598537307254,San Diego County - internship - software engineer,989.0605574017832,1
06/27/2024,11:49:29 PM,New York City - job - service,962.458129156677,Bay Area - job - service,901.9117054159494,1
06/27/2024,11:49:32 PM,Bay Area - job - service,891.6550390577137,Los Angeles - job - DS/MLE/DE,1042.6963323723098,0
06/27/2024,11:53:33 PM,Los Angeles - job - data analyst,955.3274361374728,Bay Area - internship - data analyst,984.2493243071008,1
06/27/2024,11:54:05 PM,Orange County - internship - software engineer,1065.7366311120907,Bay Area - internship - data analyst,971.3683275342387,1
06/27/2024,11:54:20 PM,Seattle - internship - ee/meche/bioe,1006.4698464541083,Bay Area - internship - software engineer,1005.2701882046442,0
06/27/2024,11:54:30 PM,Los Angeles - internship - ee/meche/bioe,898.0211443657885,San Diego County - internship - data analyst,992.1583516079942,0
06/27/2024,11:54:40 PM,Los Angeles - internship - software engineer,962.0585294230405,Los Angeles - job - DS/MLE/DE,1055.616728643197,0
06/27/2024,11:56:31 PM,Orange County - internship - data analyst,1020.9163848121647,Los Angeles - internship - DS/MLE/DE,1026.5403692757318,1
06/27/2024,11:58:43 PM,San Diego County - job - ee/meche/bioe,928.8194244919398,Orange County - job - software engineer,999.8790330893706,0
06/27/2024,11:58:47 PM,New York City - job - service,948.419778867146,Bay Area - internship - software engineer,1019.3085384941753,0
06/28/2024,12:32:03 AM,New York City - internship - software engineer,1042.7239397090455,Seattle - internship - DS/MLE/DE,1071.3759427357147,0
06/28/2024,12:36:35 AM,New York City - job - service,932.6564715808213,New York City - job - ee/meche/bioe,969.3231781034057,0
06/28/2024,12:36:44 AM,New York City - internship - data analyst,1075.2821139141893,Seattle - internship - software engineer,1105.9167231899567,0
06/28/2024,12:36:56 AM,Los Angeles - job - DS/MLE/DE,1039.6295735149563,Seattle - job - data analyst,1071.8828066776532,0
06/28/2024,12:37:06 AM,San Diego County - job - ee/meche/bioe,944.996119856835,New York City - job - service,916.4797762159261,1
06/28/2024,12:37:20 AM,Los Angeles - job - ee/meche/bioe,957.6894880300498,San Diego County - job - ee/meche/bioe,928.8364982846301,1
06/28/2024,12:37:30 AM,Seattle - internship - data analyst,1030.4972950599517,San Diego County - job - software engineer,994.9158642319481,1
06/28/2024,12:38:41 AM,San Diego County - internship - data analyst,1008.2853370908757,San Diego County - job - software engineer,978.7888787490666,1
06/28/2024,12:38:47 AM,Orange County - internship - ee/meche/bioe,945.5470556175508,Los Angeles - internship - software engineer,978.0338381272493,0
06/28/2024,12:41:43 AM,Seattle - internship - DS/MLE/DE,1087.3992846662927,Seattle - job - data analyst,1055.8594647470752,1
06/28/2024,12:42:01 AM,Los Angeles - internship - data analyst,916.424371634536,Los Angeles - internship - ee/meche/bioe,882.1371576473455,1
06/28/2024,12:46:54 AM,Orange County - job - DS/MLE/DE,1067.58950002479,Seattle - internship - DS/MLE/DE,1103.2153764115637,0
06/28/2024,12:47:02 AM,Orange County - job - ee/meche/bioe,930.4115898853084,New York City - job - service,900.3799362092925,1
06/28/2024,12:47:22 AM,New York City - internship - ee/meche/bioe,971.2727712239017,New York City - job - software engineer,1003.4932912138621,0
06/28/2024,12:47:26 AM,Seattle - job - software engineer,1061.2624298842684,Seattle - job - ee/meche/bioe,1028.766478682046,1
06/28/2024,12:47:35 AM,New York City - job - service,915.9782242867194,Bay Area - job - service,876.0567509802868,1
06/28/2024,12:47:43 AM,Orange County - job - service,894.8470240673314,Bay Area - job - service,860.1914476324653,1
06/28/2024,12:48:41 AM,Orange County - job - ee/meche/bioe,946.3390547334357,San Diego County - job - ee/meche/bioe,912.9090334365029,1
06/28/2024,12:48:48 AM,San Diego County - internship - DS/MLE/DE,1037.1924974252438,Seattle - job - data analyst,1071.7307202380555,0
06/28/2024,12:52:17 AM,San Diego County - internship - DS/MLE/DE,1053.304727086073,Los Angeles - job - DS/MLE/DE,1023.5173438541271,1
06/28/2024,11:22:09 AM,Bay Area - job - DS/MLE/DE,1061.140052776512,New York City - internship - software engineer,1026.8405750160118,1
06/28/2024,11:25:18 AM,Los Angeles - internship - data analyst,932.4038258011818,New York City - job - service,899.9987701200736,1
06/28/2024,11:26:01 AM,Orange County - internship - data analyst,1005.0361611649963,Los Angeles - job - DS/MLE/DE,1039.3975675012955,0
06/28/2024,11:26:07 AM,Bay Area - job - ee/meche/bioe,928.1068689372811,Orange County - internship - ee/meche/bioe,961.4775312940889,0
06/28/2024,11:27:11 AM,San Diego County - job - data analyst,954.7313507528644,Los Angeles - job - software engineer,986.0646182495203,0
06/28/2024,11:27:15 AM,Bay Area - job - service,845.2007429899223,Los Angeles - internship - ee/meche/bioe,897.1278622898884,0
06/28/2024,01:24:08 PM,Bay Area - internship - software engineer,1003.6415285202735,Los Angeles - internship - DS/MLE/DE,1042.2073792496337,0
06/28/2024,01:35:42 PM,Bay Area - internship - data analyst,987.3639270036351,New York City - internship - ee/meche/bioe,955.2771717545053,1
06/28/2024,01:35:45 PM,Seattle - job - DS/MLE/DE,1141.2876537794257,Seattle - internship - software engineer,1090.8507373154175,1
06/28/2024,01:35:54 PM,Seattle - internship - data analyst,1046.4175886795051,Seattle - job - ee/meche/bioe,1012.8461850624926,1
06/28/2024,01:35:58 PM,Bay Area - job - service,831.4716038294641,Orange County - job - service,908.5761632277896,0
06/28/2024,01:36:28 PM,Bay Area - job - software engineer,984.4714319083389,Orange County - job - software engineer,1015.9076310158962,0
06/28/2024,01:36:32 PM,New York City - job - ee/meche/bioe,985.293874383182,Los Angeles - job - service,952.7161589125305,1
06/28/2024,01:37:00 PM,San Diego County - internship - ee/meche/bioe,938.3634966105611,San Diego County - job - data analyst,970.7135926604913,0
06/28/2024,01:37:26 PM,Los Angeles - job - data analyst,939.3251213771103,New York City - internship - ee/meche/bioe,971.2794865148677,0
06/28/2024,01:37:30 PM,New York City - job - service,883.8665629376075,Los Angeles - internship - ee/meche/bioe,913.2600694723545,0
06/28/2024,01:37:38 PM,Seattle - job - service,934.1276923911223,Los Angeles - internship - ee/meche/bioe,897.4950354833311,1
06/28/2024,01:39:48 PM,New York City - job - ee/meche/bioe,969.3293683917005,Los Angeles - job - software engineer,1002.0291242410018,0
06/28/2024,01:39:54 PM,Los Angeles - job - service,936.7155400196403,San Diego County - job - service,968.7033387170585,0
06/28/2024,01:40:02 PM,New York City - internship - data analyst,1091.1383323896093,Bay Area - job - data analyst,1056.3036352553054,1
06/28/2024,01:41:12 PM,New York City - internship - software engineer,1042.337260455905,Orange County - job - software engineer,1000.4109455760031,1
06/28/2024,01:42:12 PM,Seattle - job - service,950.3670249885745,Los Angeles - job - data analyst,923.0857887796582,1
06/28/2024,01:42:16 PM,Bay Area - job - service,817.8663544498476,New York City - job - service,897.471812317224,0
06/28/2024,01:42:29 PM,Seattle - job - service,934.18153841348,Orange County - job - ee/meche/bioe,962.5245413085302,0
06/28/2024,01:42:34 PM,Bay Area - job - DS/MLE/DE,1045.1456884503598,Seattle - job - software engineer,1077.2567942104206,0
06/28/2024,01:42:44 PM,Seattle - internship - DS/MLE/DE,1118.6462040086665,Seattle - internship - software engineer,1075.4199097183148,1
06/28/2024,01:43:51 PM,Los Angeles - job - software engineer,986.0965512227513,New York City - job - software engineer,1019.4258642321126,0
06/28/2024,01:44:06 PM,Bay Area - job - data analyst,1072.1655338600613,San Diego County - internship - DS/MLE/DE,1037.442828481317,1
06/28/2024,01:44:11 PM,Los Angeles - internship - DS/MLE/DE,1026.2144748863705,Orange County - internship - DS/MLE/DE,1058.354363417014,0
06/28/2024,01:44:16 PM,Orange County - internship - DS/MLE/DE,1074.6942782554672,Orange County - internship - software engineer,1049.3967162736374,1
06/28/2024,01:44:30 PM,San Diego County - job - data analyst,954.7396530125121,New York City - internship - ee/meche/bioe,987.2534261628468,0
06/28/2024,01:44:34 PM,Seattle - internship - software engineer,1091.386493203115,Orange County - internship - DS/MLE/DE,1058.727694770667,1
06/28/2024,01:44:50 PM,Orange County - job - software engineer,1016.5519725213159,Orange County - job - data analyst,987.3323591466217,1
06/28/2024,01:45:23 PM,New York City - internship - software engineer,1026.4665905278111,Bay Area - job - DS/MLE/DE,1061.0163583784536,0
06/28/2024,01:46:05 PM,Los Angeles - job - ee/meche/bioe,941.553646371334,San Diego County - job - data analyst,970.8754946712279,0
06/28/2024,01:46:09 PM,Bay Area - job - service,805.4694892004184,New York City - job - service,909.8686775666532,0
06/28/2024,01:46:16 PM,San Diego County - job - software engineer,962.7541078981963,Los Angeles - internship - software engineer,994.0686089781196,0
06/28/2024,01:46:32 PM,San Diego County - job - ee/meche/bioe,928.7690234482823,New York City - job - service,894.0086875548739,1
06/28/2024,01:47:03 PM,Bay Area - internship - software engineer,987.6962454478074,Bay Area - internship - DS/MLE/DE,1020.7749792093957,0
06/28/2024,01:48:21 PM,Los Angeles - job - data analyst,939.3170019696078,Bay Area - job - ee/meche/bioe,911.8756557473315,1
06/28/2024,01:48:24 PM,Los Angeles - job - ee/meche/bioe,925.4506465130303,Los Angeles - job - data analyst,955.4200018279115,0
06/28/2024,01:49:06 PM,San Diego County - internship - DS/MLE/DE,1021.5328465900691,Los Angeles - job - DS/MLE/DE,1055.3075493925435,0
06/28/2024,02:35:42 PM,Bay Area - internship - data analyst,971.3792308288816,Bay Area - internship - software engineer,1003.6809416225609,0
06/28/2024,02:35:44 PM,Los Angeles - job - service,920.7914306561164,San Diego County - internship - ee/meche/bioe,954.2876059740851,0
06/28/2024,02:37:14 PM,Orange County - job - ee/meche/bioe,946.535113239136,San Diego County - job - software engineer,978.7435359675904,0
06/28/2024,02:37:23 PM,Los Angeles - job - data analyst,971.3678532563221,San Diego County - internship - ee/meche/bioe,938.3397545456745,1
06/28/2024,02:38:01 PM,Orange County - job - software engineer,1032.7464395895765,Bay Area - internship - DS/MLE/DE,1004.580512141135,1
06/28/2024,02:38:04 PM,Orange County - internship - DS/MLE/DE,1074.570196342759,Los Angeles - job - DS/MLE/DE,1039.4650478204517,1
06/28/2024,02:38:46 PM,Los Angeles - internship - data analyst,948.236443073503,San Diego County - job - ee/meche/bioe,912.9364061759611,1
06/28/2024,02:38:52 PM,Orange County - internship - data analyst,989.0151777640267,Bay Area - internship - DS/MLE/DE,1020.6014955421047,0
06/28/2024,02:38:55 PM,San Diego County - internship - ee/meche/bioe,954.1482707587364,Seattle - job - service,918.3730222004181,1
06/28/2024,02:38:58 PM,Los Angeles - job - service,904.6800606296295,Seattle - job - service,934.4843922269051,0
06/28/2024,02:41:10 PM,Bay Area - job - DS/MLE/DE,1077.116381759234,San Diego County - job - DS/MLE/DE,1047.0883434092634,1
06/28/2024,02:41:25 PM,San Diego County - job - ee/meche/bioe,928.8875569652539,Bay Area - job - ee/meche/bioe,895.9245049580387,1
06/28/2024,02:41:47 PM,Orange County - job - software engineer,1016.4572733424268,New York City - internship - software engineer,1042.755756774961,0
06/28/2024,02:41:51 PM,Seattle - job - data analyst,1087.6866660138082,New York City - job - DS/MLE/DE,1054.8181467200936,1
06/28/2024,02:42:36 PM,Bay Area - job - ee/meche/bioe,911.8362792003666,New York City - job - service,878.096913312546,1
06/28/2024,02:42:49 PM,San Diego County - job - software engineer,963.0072914283562,Bay Area - job - software engineer,1000.2076764475731,0
06/28/2024,02:42:52 PM,Los Angeles - job - service,888.8594752644227,Orange County - job - service,924.3967485929963,0
06/28/2024,02:42:57 PM,Seattle - job - software engineer,1093.2503279784332,Bay Area - job - DS/MLE/DE,1061.1228479912213,1
06/28/2024,03:54:17 PM,Los Angeles - internship - software engineer,977.835906280085,Orange County - internship - data analyst,1005.2478804620613,0
06/28/2024,03:54:23 PM,Bay Area - internship - DS/MLE/DE,1036.6443857401582,San Diego County - internship - DS/MLE/DE,1005.4899563920155,1
06/28/2024,03:54:28 PM,Orange County - job - data analyst,1003.3287241484485,New York City - internship - ee/meche/bioe,971.25706116102,1
06/28/2024,03:54:32 PM,Los Angeles - internship - ee/meche/bioe,913.097435111619,Los Angeles - job - service,873.2570756361348,1
06/28/2024,03:54:38 PM,San Diego County - job - data analyst,954.8981686068187,Los Angeles - job - data analyst,987.3451793207314,0
06/28/2024,03:54:52 PM,San Diego County - job - data analyst,970.8636345883201,San Diego County - internship - ee/meche/bioe,938.182804777235,1
06/28/2024,03:55:12 PM,Orange County - internship - data analyst,989.259028468811,San Diego County - internship - DS/MLE/DE,1021.4788083852658,0
06/28/2024,03:55:38 PM,Bay Area - job - data analyst,1056.276270891594,Orange County - internship - DS/MLE/DE,1090.459459311226,0
06/28/2024,03:57:05 PM,New York City - job - data analyst,949.4987463916323,San Diego County - job - software engineer,979.1275636443307,0
06/28/2024,03:57:22 PM,Bay Area - job - ee/meche/bioe,895.8943573213083,Los Angeles - internship - ee/meche/bioe,929.0393569906772,0
06/28/2024,03:59:17 PM,San Diego County - internship - DS/MLE/DE,1037.3842679134646,New York City - job - software engineer,1003.5204047039139,1
06/28/2024,03:59:24 PM,Seattle - job - DS/MLE/DE,1156.2464499892783,Seattle - internship - DS/MLE/DE,1103.6874077988139,1
06/28/2024,10:36:51 PM,Los Angeles - internship - data analyst,964.2945740337873,New York City - job - data analyst,933.440615431348,1
06/28/2024,10:37:03 PM,Bay Area - job - software engineer,1016.1199296232429,Bay Area - internship - ee/meche/bioe,982.3900060886292,1
06/28/2024,10:37:13 PM,Los Angeles - internship - software engineer,961.8953890258875,San Diego County - job - software engineer,995.0680808985283,0
06/28/2024,10:37:22 PM,Bay Area - job - software engineer,1000.1354648707411,Orange County - job - software engineer,1032.4417380949285,0
06/28/2024,10:37:25 PM,Bay Area - job - DS/MLE/DE,1076.8996693435495,Bay Area - job - data analyst,1040.499449539266,1
06/29/2024,10:33:21 AM,New York City - job - software engineer,987.5115774890169,Orange County - job - data analyst,1019.3375513633455,0
06/29/2024,11:59:55 AM,New York City - job - ee/meche/bioe,953.0975237717353,Los Angeles - internship - data analyst,980.5264186537526,0
06/29/2024,12:00:14 PM,Los Angeles - job - software engineer,970.1617152301874,New York City - job - software engineer,1003.4464134815807,0
06/29/2024,12:00:18 PM,Los Angeles - job - service,857.4799439821998,New York City - job - service,893.874044966481,0
06/29/2024,12:01:22 PM,Bay Area - job - data analyst,1024.4518137204557,Los Angeles - job - DS/MLE/DE,1055.512683639262,0
06/29/2024,12:01:27 PM,San Diego County - job - service,952.7704990429999,Los Angeles - job - software engineer,986.094554904246,0
06/29/2024,12:01:38 PM,New York City - job - service,877.9670827400715,Bay Area - job - ee/meche/bioe,911.8013195477179,0
06/29/2024,12:01:47 PM,San Diego County - internship - software engineer,1005.0696973311956,Orange County - internship - data analyst,973.2498885393986,1
06/29/2024,12:02:04 PM,Bay Area - internship - ee/meche/bioe,966.5606004013079,Los Angeles - job - software engineer,1001.9239605915674,0
06/29/2024,12:02:29 PM,San Diego County - internship - data analyst,1024.495359838133,Seattle - job - ee/meche/bioe,996.6361623152354,1
06/29/2024,12:02:39 PM,Orange County - internship - DS/MLE/DE,1074.4907225320455,New York City - internship - data analyst,1107.1070691687898,0
06/29/2024,12:03:25 PM,Los Angeles - job - DS/MLE/DE,1039.4806990747347,New York City - job - DS/MLE/DE,1070.8501312846208,0
06/29/2024,12:03:38 PM,San Diego County - internship - ee/meche/bioe,922.0124930179444,Seattle - job - service,950.6547039861957,0
06/29/2024,12:03:43 PM,Los Angeles - job - service,842.4223196045294,New York City - job - service,893.0247071177419,0
06/29/2024,12:03:46 PM,Seattle - job - DS/MLE/DE,1169.998467261544,New York City - internship - data analyst,1093.3550518965242,1
06/29/2024,12:03:57 PM,Seattle - job - data analyst,1071.9428602173964,Seattle - job - software engineer,1108.994133774845,0
06/29/2024,12:04:00 PM,Bay Area - internship - data analyst,987.1573389240563,Bay Area - internship - ee/meche/bioe,950.7824923061332,1
06/29/2024,12:04:06 PM,San Diego County - job - ee/meche/bioe,913.0972210542282,New York City - job - data analyst,949.2309513423737,0
06/29/2024,12:04:13 PM,Bay Area - internship - software engineer,987.6701412041751,New York City - job - software engineer,1019.4572138999665,0
06/29/2024,12:04:23 PM,Los Angeles - job - service,856.7269667796955,Bay Area - job - service,791.1648420252523,1
06/29/2024,12:04:32 PM,Seattle - job - service,934.5891381209291,New York City - job - data analyst,965.2965172076404,0
06/29/2024,12:04:51 PM,Bay Area - job - data analyst,1008.5329865705178,Los Angeles - internship - DS/MLE/DE,1042.1333020363084,0
06/29/2024,12:04:57 PM,San Diego County - internship - DS/MLE/DE,1021.3501951317146,Bay Area - internship - DS/MLE/DE,1052.6784585219082,0
06/29/2024,12:05:02 PM,Los Angeles - internship - ee/meche/bioe,944.8740966429276,Los Angeles - job - ee/meche/bioe,909.6159068607799,1
06/29/2024,12:05:28 PM,Los Angeles - job - software engineer,985.8415980473575,Bay Area - job - software engineer,1016.217827414951,0
06/29/2024,12:05:35 PM,Orange County - internship - DS/MLE/DE,1058.6016568547436,Bay Area - job - DS/MLE/DE,1092.7887350208514,0
06/29/2024,12:55:11 PM,Bay Area - internship - data analyst,1003.1659892931583,Los Angeles - job - data analyst,971.3365289516294,1
06/29/2024,12:55:24 PM,Orange County - internship - software engineer,1065.2904133388834,San Diego County - job - DS/MLE/DE,1031.1946463440174,1
06/29/2024,12:55:32 PM,Seattle - internship - ee/meche/bioe,1022.5648564508946,Bay Area - job - data analyst,992.4379765737315,1
06/29/2024,12:55:36 PM,Bay Area - job - service,778.1487553763654,Los Angeles - job - service,869.7430534285824,0
06/29/2024,12:56:10 PM,Bay Area - internship - DS/MLE/DE,1036.951205461856,Orange County - internship - DS/MLE/DE,1074.3289099147958,0
06/29/2024,12:56:15 PM,Bay Area - job - ee/meche/bioe,927.8609977407843,San Diego County - job - ee/meche/bioe,897.0375428611617,1
06/29/2024,12:56:21 PM,Orange County - job - service,908.286951289655,San Diego County - internship - ee/meche/bioe,938.1222903212857,0
06/29/2024,01:22:32 PM,San Diego County - job - software engineer,1011.1402932261042,Seattle - job - ee/meche/bioe,980.5639499876595,1
06/29/2024,01:22:39 PM,San Diego County - job - software engineer,995.3741056712348,Bay Area - job - software engineer,1031.9840149698202,0
06/29/2024,01:23:06 PM,San Diego County - job - software engineer,1011.2388951481765,Bay Area - job - data analyst,976.5731870967898,1
06/29/2024,01:23:10 PM,San Diego County - job - software engineer,994.8671909862188,Bay Area - internship - data analyst,1019.537693455116,0
06/29/2024,01:23:23 PM,San Diego County - job - software engineer,978.5358019939093,Bay Area - internship - software engineer,1004.0015301964846,0
06/29/2024,01:24:02 PM,San Diego County - job - software engineer,994.4454211991382,Bay Area - job - data analyst,960.6635678915609,1
06/29/2024,01:27:38 PM,New York City - internship - data analyst,1077.3289720637044,Bay Area - job - DS/MLE/DE,1108.8148148536711,0
06/29/2024,01:27:44 PM,New York City - internship - data analyst,1093.1908175296928,Orange County - internship - DS/MLE/DE,1058.4670644488074,1
06/29/2024,01:27:48 PM,New York City - internship - data analyst,1077.107726070737,Seattle - internship - software engineer,1107.4695846620707,0
06/29/2024,01:28:08 PM,New York City - internship - data analyst,1092.819584337294,New York City - job - DS/MLE/DE,1055.138273018064,1
06/29/2024,01:28:10 PM,New York City - internship - data analyst,1077.319902935725,Seattle - internship - DS/MLE/DE,1119.1870892003828,0
06/29/2024,01:28:21 PM,New York City - internship - data analyst,1093.0723007356617,Seattle - job - data analyst,1056.1904624174597,1
06/29/2024,02:58:38 PM,San Diego County - internship - DS/MLE/DE,1037.266727102076,Bay Area - internship - data analyst,1003.6211614847547,1
06/29/2024,02:58:43 PM,San Diego County - internship - DS/MLE/DE,1021.2521967975647,Bay Area - internship - DS/MLE/DE,1052.9657357663673,0
06/29/2024,02:58:53 PM,San Diego County - internship - DS/MLE/DE,1037.164025009417,Orange County - job - data analyst,1003.4257231514932,1
06/29/2024,02:58:57 PM,San Diego County - internship - DS/MLE/DE,1053.2707102116665,Los Angeles - job - DS/MLE/DE,1023.3740138724852,1
06/29/2024,02:59:02 PM,San Diego County - internship - DS/MLE/DE,1037.3567138289145,New York City - job - DS/MLE/DE,1071.052269400816,0
06/29/2024,02:59:06 PM,San Diego County - internship - DS/MLE/DE,1021.1093116230942,Bay Area - job - software engineer,1048.2314171756407,0
06/29/2024,02:59:10 PM,Seattle - internship - software engineer,1091.5397922926772,Seattle - job - software engineer,1124.9239261442385,0
06/29/2024,02:59:17 PM,Seattle - internship - software engineer,1107.6103664568911,New York City - internship - data analyst,1077.0017265714478,1
06/29/2024,02:59:20 PM,Seattle - internship - software engineer,1091.6658331331682,Bay Area - job - DS/MLE/DE,1124.759348177394,0
06/29/2024,02:59:29 PM,Seattle - internship - software engineer,1106.9909267826317,New York City - internship - data analyst,1061.6766329219843,1
06/29/2024,02:59:31 PM,Seattle - internship - software engineer,1091.5523502329324,Seattle - internship - DS/MLE/DE,1134.6256657500821,0
06/29/2024,02:59:37 PM,Seattle - internship - software engineer,1106.6093806749195,New York City - job - DS/MLE/DE,1055.9952389588288,1
06/29/2024,02:59:57 PM,San Diego County - job - DS/MLE/DE,1015.2520767948793,Orange County - job - software engineer,1048.3843076440667,0
06/29/2024,03:00:03 PM,San Diego County - job - DS/MLE/DE,999.4457210594841,New York City - job - software engineer,1035.2635696353618,0
06/29/2024,03:00:07 PM,San Diego County - job - DS/MLE/DE,1015.2154646385749,San Diego County - job - software engineer,978.6756776200474,1
06/29/2024,03:00:10 PM,San Diego County - job - DS/MLE/DE,999.4868602898218,San Diego County - internship - DS/MLE/DE,1036.8379159718472,0
06/29/2024,03:00:14 PM,San Diego County - job - DS/MLE/DE,1015.6682438571881,Orange County - job - data analyst,987.2443395841269,1
06/29/2024,03:00:21 PM,San Diego County - job - DS/MLE/DE,1031.985802896627,Seattle - internship - ee/meche/bioe,1006.2472974114556,1
06/29/2024,03:00:31 PM,Seattle - job - data analyst,1072.1814720458929,New York City - job - DS/MLE/DE,1040.0042293303957,1
06/29/2024,03:00:37 PM,Seattle - job - data analyst,1056.0215306233881,New York City - internship - DS/MLE/DE,1084.8682139156729,0
06/29/2024,03:00:46 PM,Seattle - job - data analyst,1072.1341497581104,Orange County - internship - DS/MLE/DE,1042.354445314085,1
06/29/2024,03:01:20 PM,Seattle - job - data analyst,1087.9248728392192,Orange County - job - DS/MLE/DE,1051.798776943681,1
06/29/2024,03:01:35 PM,Seattle - job - data analyst,1071.7841121254291,New York City - internship - DS/MLE/DE,1101.008974629463,0
06/29/2024,03:01:51 PM,Seattle - job - data analyst,1087.4851010619614,Orange County - internship - software engineer,1049.5894244023511,1
06/29/2024,03:01:58 PM,Seattle - job - ee/meche/bioe,964.5622216058667,Los Angeles - internship - data analyst,996.5281470355453,0
06/29/2024,03:03:18 PM,Seattle - job - ee/meche/bioe,980.5960371176479,New York City - job - data analyst,949.2627016958592,1
06/29/2024,03:03:24 PM,Seattle - job - ee/meche/bioe,964.507602195172,San Diego County - job - software engineer,994.7641125425233,0
06/29/2024,03:03:34 PM,Seattle - job - ee/meche/bioe,980.3873075997942,Los Angeles - internship - software engineer,946.0156836212653,1
06/29/2024,03:03:42 PM,Seattle - job - ee/meche/bioe,996.6384663250349,Los Angeles - job - software engineer,969.5904393221167,1
06/29/2024,03:04:17 PM,Seattle - job - ee/meche/bioe,1012.6333859341767,Los Angeles - internship - data analyst,980.5332274264035,1
06/29/2024,03:04:24 PM,Los Angeles - job - DS/MLE/DE,1007.4256535832718,San Diego County - internship - data analyst,1040.4437201273465,0
06/29/2024,03:04:32 PM,Los Angeles - job - DS/MLE/DE,991.2504572497928,Bay Area - internship - data analyst,1019.7963578182338,0
06/29/2024,05:15:13 PM,Los Angeles - job - DS/MLE/DE,975.412261539629,San Diego County - job - software engineer,1010.6023082526872,0
06/29/2024,05:15:17 PM,Los Angeles - job - DS/MLE/DE,959.3126818686756,Orange County - internship - data analyst,989.349468210352,0
06/29/2024,05:15:24 PM,Los Angeles - job - DS/MLE/DE,975.3748921555541,Bay Area - job - data analyst,944.6013576046823,1
06/29/2024,05:15:27 PM,Los Angeles - job - DS/MLE/DE,991.167152741585,San Diego County - job - data analyst,955.0713740022892,1
